-- MySQL dump 10.13  Distrib 5.7.21, for Linux (x86_64)
--
-- Host: localhost    Database: travel
-- ------------------------------------------------------
-- Server version	5.6.43

/*!40101 SET @OLD_CHARACTER_SET_CLIENT=@@CHARACTER_SET_CLIENT */;
/*!40101 SET @OLD_CHARACTER_SET_RESULTS=@@CHARACTER_SET_RESULTS */;
/*!40101 SET @OLD_COLLATION_CONNECTION=@@COLLATION_CONNECTION */;
/*!40101 SET NAMES utf8 */;
/*!40103 SET @OLD_TIME_ZONE=@@TIME_ZONE */;
/*!40103 SET TIME_ZONE='+00:00' */;
/*!40014 SET @OLD_UNIQUE_CHECKS=@@UNIQUE_CHECKS, UNIQUE_CHECKS=0 */;
/*!40014 SET @OLD_FOREIGN_KEY_CHECKS=@@FOREIGN_KEY_CHECKS, FOREIGN_KEY_CHECKS=0 */;
/*!40101 SET @OLD_SQL_MODE=@@SQL_MODE, SQL_MODE='NO_AUTO_VALUE_ON_ZERO' */;
/*!40111 SET @OLD_SQL_NOTES=@@SQL_NOTES, SQL_NOTES=0 */;

--
-- Table structure for table `auth_group`
--

DROP TABLE IF EXISTS `auth_group`;
/*!40101 SET @saved_cs_client     = @@character_set_client */;
/*!40101 SET character_set_client = utf8 */;
CREATE TABLE `auth_group` (
  `id` int(11) NOT NULL AUTO_INCREMENT,
  `name` varchar(80) NOT NULL,
  PRIMARY KEY (`id`),
  UNIQUE KEY `name` (`name`)
) ENGINE=InnoDB DEFAULT CHARSET=utf8;
/*!40101 SET character_set_client = @saved_cs_client */;

--
-- Dumping data for table `auth_group`
--

LOCK TABLES `auth_group` WRITE;
/*!40000 ALTER TABLE `auth_group` DISABLE KEYS */;
/*!40000 ALTER TABLE `auth_group` ENABLE KEYS */;
UNLOCK TABLES;

--
-- Table structure for table `auth_group_permissions`
--

DROP TABLE IF EXISTS `auth_group_permissions`;
/*!40101 SET @saved_cs_client     = @@character_set_client */;
/*!40101 SET character_set_client = utf8 */;
CREATE TABLE `auth_group_permissions` (
  `id` int(11) NOT NULL AUTO_INCREMENT,
  `group_id` int(11) NOT NULL,
  `permission_id` int(11) NOT NULL,
  PRIMARY KEY (`id`),
  UNIQUE KEY `auth_group_permissions_group_id_permission_id_0cd325b0_uniq` (`group_id`,`permission_id`),
  KEY `auth_group_permissio_permission_id_84c5c92e_fk_auth_perm` (`permission_id`),
  CONSTRAINT `auth_group_permissio_permission_id_84c5c92e_fk_auth_perm` FOREIGN KEY (`permission_id`) REFERENCES `auth_permission` (`id`),
  CONSTRAINT `auth_group_permissions_group_id_b120cbf9_fk_auth_group_id` FOREIGN KEY (`group_id`) REFERENCES `auth_group` (`id`)
) ENGINE=InnoDB DEFAULT CHARSET=utf8;
/*!40101 SET character_set_client = @saved_cs_client */;

--
-- Dumping data for table `auth_group_permissions`
--

LOCK TABLES `auth_group_permissions` WRITE;
/*!40000 ALTER TABLE `auth_group_permissions` DISABLE KEYS */;
/*!40000 ALTER TABLE `auth_group_permissions` ENABLE KEYS */;
UNLOCK TABLES;

--
-- Table structure for table `auth_permission`
--

DROP TABLE IF EXISTS `auth_permission`;
/*!40101 SET @saved_cs_client     = @@character_set_client */;
/*!40101 SET character_set_client = utf8 */;
CREATE TABLE `auth_permission` (
  `id` int(11) NOT NULL AUTO_INCREMENT,
  `name` varchar(255) NOT NULL,
  `content_type_id` int(11) NOT NULL,
  `codename` varchar(100) NOT NULL,
  PRIMARY KEY (`id`),
  UNIQUE KEY `auth_permission_content_type_id_codename_01ab375a_uniq` (`content_type_id`,`codename`),
  CONSTRAINT `auth_permission_content_type_id_2f476e4b_fk_django_co` FOREIGN KEY (`content_type_id`) REFERENCES `django_content_type` (`id`)
) ENGINE=InnoDB AUTO_INCREMENT=61 DEFAULT CHARSET=utf8;
/*!40101 SET character_set_client = @saved_cs_client */;

--
-- Dumping data for table `auth_permission`
--

LOCK TABLES `auth_permission` WRITE;
/*!40000 ALTER TABLE `auth_permission` DISABLE KEYS */;
INSERT INTO `auth_permission` VALUES (1,'Can add log entry',1,'add_logentry'),(2,'Can change log entry',1,'change_logentry'),(3,'Can delete log entry',1,'delete_logentry'),(4,'Can add permission',2,'add_permission'),(5,'Can change permission',2,'change_permission'),(6,'Can delete permission',2,'delete_permission'),(7,'Can add group',3,'add_group'),(8,'Can change group',3,'change_group'),(9,'Can delete group',3,'delete_group'),(10,'Can add user',4,'add_user'),(11,'Can change user',4,'change_user'),(12,'Can delete user',4,'delete_user'),(13,'Can add content type',5,'add_contenttype'),(14,'Can change content type',5,'change_contenttype'),(15,'Can delete content type',5,'delete_contenttype'),(16,'Can add session',6,'add_session'),(17,'Can change session',6,'change_session'),(18,'Can delete session',6,'delete_session'),(19,'Can add crontab',7,'add_crontabschedule'),(20,'Can change crontab',7,'change_crontabschedule'),(21,'Can delete crontab',7,'delete_crontabschedule'),(22,'Can add interval',8,'add_intervalschedule'),(23,'Can change interval',8,'change_intervalschedule'),(24,'Can delete interval',8,'delete_intervalschedule'),(25,'Can add periodic task',9,'add_periodictask'),(26,'Can change periodic task',9,'change_periodictask'),(27,'Can delete periodic task',9,'delete_periodictask'),(28,'Can add periodic tasks',10,'add_periodictasks'),(29,'Can change periodic tasks',10,'change_periodictasks'),(30,'Can delete periodic tasks',10,'delete_periodictasks'),(31,'Can add task state',11,'add_taskmeta'),(32,'Can change task state',11,'change_taskmeta'),(33,'Can delete task state',11,'delete_taskmeta'),(34,'Can add saved group result',12,'add_tasksetmeta'),(35,'Can change saved group result',12,'change_tasksetmeta'),(36,'Can delete saved group result',12,'delete_tasksetmeta'),(37,'Can add task',13,'add_taskstate'),(38,'Can change task',13,'change_taskstate'),(39,'Can delete task',13,'delete_taskstate'),(40,'Can add worker',14,'add_workerstate'),(41,'Can change worker',14,'change_workerstate'),(42,'Can delete worker',14,'delete_workerstate'),(43,'Can add association',15,'add_association'),(44,'Can change association',15,'change_association'),(45,'Can delete association',15,'delete_association'),(46,'Can add code',16,'add_code'),(47,'Can change code',16,'change_code'),(48,'Can delete code',16,'delete_code'),(49,'Can add nonce',17,'add_nonce'),(50,'Can change nonce',17,'change_nonce'),(51,'Can delete nonce',17,'delete_nonce'),(52,'Can add user social auth',18,'add_usersocialauth'),(53,'Can change user social auth',18,'change_usersocialauth'),(54,'Can delete user social auth',18,'delete_usersocialauth'),(55,'Can add partial',19,'add_partial'),(56,'Can change partial',19,'change_partial'),(57,'Can delete partial',19,'delete_partial'),(58,'Can add 用户信息',20,'add_auth_profile'),(59,'Can change 用户信息',20,'change_auth_profile'),(60,'Can delete 用户信息',20,'delete_auth_profile');
/*!40000 ALTER TABLE `auth_permission` ENABLE KEYS */;
UNLOCK TABLES;

--
-- Table structure for table `auth_profile`
--

DROP TABLE IF EXISTS `auth_profile`;
/*!40101 SET @saved_cs_client     = @@character_set_client */;
/*!40101 SET character_set_client = utf8 */;
CREATE TABLE `auth_profile` (
  `id` int(11) NOT NULL AUTO_INCREMENT,
  `phone_number` varchar(11) NOT NULL,
  `head_photo` varchar(100) NOT NULL,
  `user_obj_id` int(11) NOT NULL,
  PRIMARY KEY (`id`),
  UNIQUE KEY `user_obj_id` (`user_obj_id`),
  CONSTRAINT `auth_profile_user_obj_id_d582770d_fk_auth_user_id` FOREIGN KEY (`user_obj_id`) REFERENCES `auth_user` (`id`)
) ENGINE=InnoDB AUTO_INCREMENT=5 DEFAULT CHARSET=utf8;
/*!40101 SET character_set_client = @saved_cs_client */;

--
-- Dumping data for table `auth_profile`
--

LOCK TABLES `auth_profile` WRITE;
/*!40000 ALTER TABLE `auth_profile` DISABLE KEYS */;
INSERT INTO `auth_profile` VALUES (4,'18901942952','/media/head_portrait/default.jpeg',5);
/*!40000 ALTER TABLE `auth_profile` ENABLE KEYS */;
UNLOCK TABLES;

--
-- Table structure for table `auth_user`
--

DROP TABLE IF EXISTS `auth_user`;
/*!40101 SET @saved_cs_client     = @@character_set_client */;
/*!40101 SET character_set_client = utf8 */;
CREATE TABLE `auth_user` (
  `id` int(11) NOT NULL AUTO_INCREMENT,
  `password` varchar(128) NOT NULL,
  `last_login` datetime(6) DEFAULT NULL,
  `is_superuser` tinyint(1) NOT NULL,
  `username` varchar(150) NOT NULL,
  `first_name` varchar(30) NOT NULL,
  `last_name` varchar(30) NOT NULL,
  `email` varchar(254) NOT NULL,
  `is_staff` tinyint(1) NOT NULL,
  `is_active` tinyint(1) NOT NULL,
  `date_joined` datetime(6) NOT NULL,
  PRIMARY KEY (`id`),
  UNIQUE KEY `username` (`username`)
) ENGINE=InnoDB AUTO_INCREMENT=6 DEFAULT CHARSET=utf8;
/*!40101 SET character_set_client = @saved_cs_client */;

--
-- Dumping data for table `auth_user`
--

LOCK TABLES `auth_user` WRITE;
/*!40000 ALTER TABLE `auth_user` DISABLE KEYS */;
INSERT INTO `auth_user` VALUES (5,'pbkdf2_sha256$36000$MqpWTbmQ5dLl$4vetu2+FRKX3TQ5rbJvZTFKoZBPqLVoAewHVZr2iVDk=','2019-07-24 20:47:06.804661',0,'baojunw','','','',0,1,'2019-07-21 15:48:48.108095');
/*!40000 ALTER TABLE `auth_user` ENABLE KEYS */;
UNLOCK TABLES;

--
-- Table structure for table `auth_user_groups`
--

DROP TABLE IF EXISTS `auth_user_groups`;
/*!40101 SET @saved_cs_client     = @@character_set_client */;
/*!40101 SET character_set_client = utf8 */;
CREATE TABLE `auth_user_groups` (
  `id` int(11) NOT NULL AUTO_INCREMENT,
  `user_id` int(11) NOT NULL,
  `group_id` int(11) NOT NULL,
  PRIMARY KEY (`id`),
  UNIQUE KEY `auth_user_groups_user_id_group_id_94350c0c_uniq` (`user_id`,`group_id`),
  KEY `auth_user_groups_group_id_97559544_fk_auth_group_id` (`group_id`),
  CONSTRAINT `auth_user_groups_group_id_97559544_fk_auth_group_id` FOREIGN KEY (`group_id`) REFERENCES `auth_group` (`id`),
  CONSTRAINT `auth_user_groups_user_id_6a12ed8b_fk_auth_user_id` FOREIGN KEY (`user_id`) REFERENCES `auth_user` (`id`)
) ENGINE=InnoDB DEFAULT CHARSET=utf8;
/*!40101 SET character_set_client = @saved_cs_client */;

--
-- Dumping data for table `auth_user_groups`
--

LOCK TABLES `auth_user_groups` WRITE;
/*!40000 ALTER TABLE `auth_user_groups` DISABLE KEYS */;
/*!40000 ALTER TABLE `auth_user_groups` ENABLE KEYS */;
UNLOCK TABLES;

--
-- Table structure for table `auth_user_user_permissions`
--

DROP TABLE IF EXISTS `auth_user_user_permissions`;
/*!40101 SET @saved_cs_client     = @@character_set_client */;
/*!40101 SET character_set_client = utf8 */;
CREATE TABLE `auth_user_user_permissions` (
  `id` int(11) NOT NULL AUTO_INCREMENT,
  `user_id` int(11) NOT NULL,
  `permission_id` int(11) NOT NULL,
  PRIMARY KEY (`id`),
  UNIQUE KEY `auth_user_user_permissions_user_id_permission_id_14a6b632_uniq` (`user_id`,`permission_id`),
  KEY `auth_user_user_permi_permission_id_1fbb5f2c_fk_auth_perm` (`permission_id`),
  CONSTRAINT `auth_user_user_permi_permission_id_1fbb5f2c_fk_auth_perm` FOREIGN KEY (`permission_id`) REFERENCES `auth_permission` (`id`),
  CONSTRAINT `auth_user_user_permissions_user_id_a95ead1b_fk_auth_user_id` FOREIGN KEY (`user_id`) REFERENCES `auth_user` (`id`)
) ENGINE=InnoDB DEFAULT CHARSET=utf8;
/*!40101 SET character_set_client = @saved_cs_client */;

--
-- Dumping data for table `auth_user_user_permissions`
--

LOCK TABLES `auth_user_user_permissions` WRITE;
/*!40000 ALTER TABLE `auth_user_user_permissions` DISABLE KEYS */;
/*!40000 ALTER TABLE `auth_user_user_permissions` ENABLE KEYS */;
UNLOCK TABLES;

--
-- Table structure for table `celery_taskmeta`
--

DROP TABLE IF EXISTS `celery_taskmeta`;
/*!40101 SET @saved_cs_client     = @@character_set_client */;
/*!40101 SET character_set_client = utf8 */;
CREATE TABLE `celery_taskmeta` (
  `id` int(11) NOT NULL AUTO_INCREMENT,
  `task_id` varchar(255) NOT NULL,
  `status` varchar(50) NOT NULL,
  `result` longtext,
  `date_done` datetime(6) NOT NULL,
  `traceback` longtext,
  `hidden` tinyint(1) NOT NULL,
  `meta` longtext,
  PRIMARY KEY (`id`),
  UNIQUE KEY `task_id` (`task_id`),
  KEY `celery_taskmeta_hidden_23fd02dc` (`hidden`)
) ENGINE=InnoDB DEFAULT CHARSET=utf8;
/*!40101 SET character_set_client = @saved_cs_client */;

--
-- Dumping data for table `celery_taskmeta`
--

LOCK TABLES `celery_taskmeta` WRITE;
/*!40000 ALTER TABLE `celery_taskmeta` DISABLE KEYS */;
/*!40000 ALTER TABLE `celery_taskmeta` ENABLE KEYS */;
UNLOCK TABLES;

--
-- Table structure for table `celery_tasksetmeta`
--

DROP TABLE IF EXISTS `celery_tasksetmeta`;
/*!40101 SET @saved_cs_client     = @@character_set_client */;
/*!40101 SET character_set_client = utf8 */;
CREATE TABLE `celery_tasksetmeta` (
  `id` int(11) NOT NULL AUTO_INCREMENT,
  `taskset_id` varchar(255) NOT NULL,
  `result` longtext NOT NULL,
  `date_done` datetime(6) NOT NULL,
  `hidden` tinyint(1) NOT NULL,
  PRIMARY KEY (`id`),
  UNIQUE KEY `taskset_id` (`taskset_id`),
  KEY `celery_tasksetmeta_hidden_593cfc24` (`hidden`)
) ENGINE=InnoDB DEFAULT CHARSET=utf8;
/*!40101 SET character_set_client = @saved_cs_client */;

--
-- Dumping data for table `celery_tasksetmeta`
--

LOCK TABLES `celery_tasksetmeta` WRITE;
/*!40000 ALTER TABLE `celery_tasksetmeta` DISABLE KEYS */;
/*!40000 ALTER TABLE `celery_tasksetmeta` ENABLE KEYS */;
UNLOCK TABLES;

--
-- Table structure for table `django_admin_log`
--

DROP TABLE IF EXISTS `django_admin_log`;
/*!40101 SET @saved_cs_client     = @@character_set_client */;
/*!40101 SET character_set_client = utf8 */;
CREATE TABLE `django_admin_log` (
  `id` int(11) NOT NULL AUTO_INCREMENT,
  `action_time` datetime(6) NOT NULL,
  `object_id` longtext,
  `object_repr` varchar(200) NOT NULL,
  `action_flag` smallint(5) unsigned NOT NULL,
  `change_message` longtext NOT NULL,
  `content_type_id` int(11) DEFAULT NULL,
  `user_id` int(11) NOT NULL,
  PRIMARY KEY (`id`),
  KEY `django_admin_log_content_type_id_c4bce8eb_fk_django_co` (`content_type_id`),
  KEY `django_admin_log_user_id_c564eba6_fk_auth_user_id` (`user_id`),
  CONSTRAINT `django_admin_log_content_type_id_c4bce8eb_fk_django_co` FOREIGN KEY (`content_type_id`) REFERENCES `django_content_type` (`id`),
  CONSTRAINT `django_admin_log_user_id_c564eba6_fk_auth_user_id` FOREIGN KEY (`user_id`) REFERENCES `auth_user` (`id`)
) ENGINE=InnoDB DEFAULT CHARSET=utf8;
/*!40101 SET character_set_client = @saved_cs_client */;

--
-- Dumping data for table `django_admin_log`
--

LOCK TABLES `django_admin_log` WRITE;
/*!40000 ALTER TABLE `django_admin_log` DISABLE KEYS */;
/*!40000 ALTER TABLE `django_admin_log` ENABLE KEYS */;
UNLOCK TABLES;

--
-- Table structure for table `django_content_type`
--

DROP TABLE IF EXISTS `django_content_type`;
/*!40101 SET @saved_cs_client     = @@character_set_client */;
/*!40101 SET character_set_client = utf8 */;
CREATE TABLE `django_content_type` (
  `id` int(11) NOT NULL AUTO_INCREMENT,
  `app_label` varchar(100) NOT NULL,
  `model` varchar(100) NOT NULL,
  PRIMARY KEY (`id`),
  UNIQUE KEY `django_content_type_app_label_model_76bd3d3b_uniq` (`app_label`,`model`)
) ENGINE=InnoDB AUTO_INCREMENT=21 DEFAULT CHARSET=utf8;
/*!40101 SET character_set_client = @saved_cs_client */;

--
-- Dumping data for table `django_content_type`
--

LOCK TABLES `django_content_type` WRITE;
/*!40000 ALTER TABLE `django_content_type` DISABLE KEYS */;
INSERT INTO `django_content_type` VALUES (1,'admin','logentry'),(3,'auth','group'),(2,'auth','permission'),(4,'auth','user'),(5,'contenttypes','contenttype'),(7,'djcelery','crontabschedule'),(8,'djcelery','intervalschedule'),(9,'djcelery','periodictask'),(10,'djcelery','periodictasks'),(11,'djcelery','taskmeta'),(12,'djcelery','tasksetmeta'),(13,'djcelery','taskstate'),(14,'djcelery','workerstate'),(6,'sessions','session'),(15,'social_django','association'),(16,'social_django','code'),(17,'social_django','nonce'),(19,'social_django','partial'),(18,'social_django','usersocialauth'),(20,'user','auth_profile');
/*!40000 ALTER TABLE `django_content_type` ENABLE KEYS */;
UNLOCK TABLES;

--
-- Table structure for table `django_migrations`
--

DROP TABLE IF EXISTS `django_migrations`;
/*!40101 SET @saved_cs_client     = @@character_set_client */;
/*!40101 SET character_set_client = utf8 */;
CREATE TABLE `django_migrations` (
  `id` int(11) NOT NULL AUTO_INCREMENT,
  `app` varchar(255) NOT NULL,
  `name` varchar(255) NOT NULL,
  `applied` datetime(6) NOT NULL,
  PRIMARY KEY (`id`)
) ENGINE=InnoDB AUTO_INCREMENT=38 DEFAULT CHARSET=utf8;
/*!40101 SET character_set_client = @saved_cs_client */;

--
-- Dumping data for table `django_migrations`
--

LOCK TABLES `django_migrations` WRITE;
/*!40000 ALTER TABLE `django_migrations` DISABLE KEYS */;
INSERT INTO `django_migrations` VALUES (1,'contenttypes','0001_initial','2019-07-21 13:03:36.371638'),(2,'auth','0001_initial','2019-07-21 13:03:38.669371'),(3,'admin','0001_initial','2019-07-21 13:03:39.233786'),(4,'admin','0002_logentry_remove_auto_add','2019-07-21 13:03:39.271952'),(5,'contenttypes','0002_remove_content_type_name','2019-07-21 13:03:39.547881'),(6,'auth','0002_alter_permission_name_max_length','2019-07-21 13:03:39.770459'),(7,'auth','0003_alter_user_email_max_length','2019-07-21 13:03:39.993859'),(8,'auth','0004_alter_user_username_opts','2019-07-21 13:03:40.043811'),(9,'auth','0005_alter_user_last_login_null','2019-07-21 13:03:40.182405'),(10,'auth','0006_require_contenttypes_0002','2019-07-21 13:03:40.193988'),(11,'auth','0007_alter_validators_add_error_messages','2019-07-21 13:03:40.226234'),(12,'auth','0008_alter_user_username_max_length','2019-07-21 13:03:40.417383'),(13,'djcelery','0001_initial','2019-07-21 13:03:42.538274'),(14,'info','0001_initial','2019-07-21 13:03:46.715081'),(15,'info','0002_auto_20190711_2117','2019-07-21 13:03:47.359697'),(16,'info','0003_auto_20190711_2119','2019-07-21 13:03:47.994505'),(17,'info','0004_auto_20190712_2050','2019-07-21 13:03:48.222950'),(18,'info','0005_auto_20190721_1301','2019-07-21 13:03:49.419346'),(19,'sessions','0001_initial','2019-07-21 13:03:49.595997'),(20,'default','0001_initial','2019-07-21 13:03:50.332224'),(21,'social_auth','0001_initial','2019-07-21 13:03:50.342419'),(22,'default','0002_add_related_name','2019-07-21 13:03:50.584710'),(23,'social_auth','0002_add_related_name','2019-07-21 13:03:50.601614'),(24,'default','0003_alter_email_max_length','2019-07-21 13:03:50.831388'),(25,'social_auth','0003_alter_email_max_length','2019-07-21 13:03:50.847295'),(26,'default','0004_auto_20160423_0400','2019-07-21 13:03:50.884470'),(27,'social_auth','0004_auto_20160423_0400','2019-07-21 13:03:50.892771'),(28,'social_auth','0005_auto_20160727_2333','2019-07-21 13:03:50.961813'),(29,'social_django','0006_partial','2019-07-21 13:03:51.143299'),(30,'social_django','0007_code_timestamp','2019-07-21 13:03:51.405481'),(31,'social_django','0008_partial_timestamp','2019-07-21 13:03:51.647719'),(32,'user','0001_initial','2019-07-21 13:03:51.964601'),(33,'social_django','0002_add_related_name','2019-07-21 13:03:51.987508'),(34,'social_django','0001_initial','2019-07-21 13:03:51.995157'),(35,'social_django','0004_auto_20160423_0400','2019-07-21 13:03:52.007965'),(36,'social_django','0003_alter_email_max_length','2019-07-21 13:03:52.016982'),(37,'social_django','0005_auto_20160727_2333','2019-07-21 13:03:52.027014');
/*!40000 ALTER TABLE `django_migrations` ENABLE KEYS */;
UNLOCK TABLES;

--
-- Table structure for table `django_session`
--

DROP TABLE IF EXISTS `django_session`;
/*!40101 SET @saved_cs_client     = @@character_set_client */;
/*!40101 SET character_set_client = utf8 */;
CREATE TABLE `django_session` (
  `session_key` varchar(40) NOT NULL,
  `session_data` longtext NOT NULL,
  `expire_date` datetime(6) NOT NULL,
  PRIMARY KEY (`session_key`),
  KEY `django_session_expire_date_a5c62663` (`expire_date`)
) ENGINE=InnoDB DEFAULT CHARSET=utf8;
/*!40101 SET character_set_client = @saved_cs_client */;

--
-- Dumping data for table `django_session`
--

LOCK TABLES `django_session` WRITE;
/*!40000 ALTER TABLE `django_session` DISABLE KEYS */;
/*!40000 ALTER TABLE `django_session` ENABLE KEYS */;
UNLOCK TABLES;

--
-- Table structure for table `djcelery_crontabschedule`
--

DROP TABLE IF EXISTS `djcelery_crontabschedule`;
/*!40101 SET @saved_cs_client     = @@character_set_client */;
/*!40101 SET character_set_client = utf8 */;
CREATE TABLE `djcelery_crontabschedule` (
  `id` int(11) NOT NULL AUTO_INCREMENT,
  `minute` varchar(64) NOT NULL,
  `hour` varchar(64) NOT NULL,
  `day_of_week` varchar(64) NOT NULL,
  `day_of_month` varchar(64) NOT NULL,
  `month_of_year` varchar(64) NOT NULL,
  PRIMARY KEY (`id`)
) ENGINE=InnoDB DEFAULT CHARSET=utf8;
/*!40101 SET character_set_client = @saved_cs_client */;

--
-- Dumping data for table `djcelery_crontabschedule`
--

LOCK TABLES `djcelery_crontabschedule` WRITE;
/*!40000 ALTER TABLE `djcelery_crontabschedule` DISABLE KEYS */;
/*!40000 ALTER TABLE `djcelery_crontabschedule` ENABLE KEYS */;
UNLOCK TABLES;

--
-- Table structure for table `djcelery_intervalschedule`
--

DROP TABLE IF EXISTS `djcelery_intervalschedule`;
/*!40101 SET @saved_cs_client     = @@character_set_client */;
/*!40101 SET character_set_client = utf8 */;
CREATE TABLE `djcelery_intervalschedule` (
  `id` int(11) NOT NULL AUTO_INCREMENT,
  `every` int(11) NOT NULL,
  `period` varchar(24) NOT NULL,
  PRIMARY KEY (`id`)
) ENGINE=InnoDB DEFAULT CHARSET=utf8;
/*!40101 SET character_set_client = @saved_cs_client */;

--
-- Dumping data for table `djcelery_intervalschedule`
--

LOCK TABLES `djcelery_intervalschedule` WRITE;
/*!40000 ALTER TABLE `djcelery_intervalschedule` DISABLE KEYS */;
/*!40000 ALTER TABLE `djcelery_intervalschedule` ENABLE KEYS */;
UNLOCK TABLES;

--
-- Table structure for table `djcelery_periodictask`
--

DROP TABLE IF EXISTS `djcelery_periodictask`;
/*!40101 SET @saved_cs_client     = @@character_set_client */;
/*!40101 SET character_set_client = utf8 */;
CREATE TABLE `djcelery_periodictask` (
  `id` int(11) NOT NULL AUTO_INCREMENT,
  `name` varchar(200) NOT NULL,
  `task` varchar(200) NOT NULL,
  `args` longtext NOT NULL,
  `kwargs` longtext NOT NULL,
  `queue` varchar(200) DEFAULT NULL,
  `exchange` varchar(200) DEFAULT NULL,
  `routing_key` varchar(200) DEFAULT NULL,
  `expires` datetime(6) DEFAULT NULL,
  `enabled` tinyint(1) NOT NULL,
  `last_run_at` datetime(6) DEFAULT NULL,
  `total_run_count` int(10) unsigned NOT NULL,
  `date_changed` datetime(6) NOT NULL,
  `description` longtext NOT NULL,
  `crontab_id` int(11) DEFAULT NULL,
  `interval_id` int(11) DEFAULT NULL,
  PRIMARY KEY (`id`),
  UNIQUE KEY `name` (`name`),
  KEY `djcelery_periodictas_crontab_id_75609bab_fk_djcelery_` (`crontab_id`),
  KEY `djcelery_periodictas_interval_id_b426ab02_fk_djcelery_` (`interval_id`),
  CONSTRAINT `djcelery_periodictas_crontab_id_75609bab_fk_djcelery_` FOREIGN KEY (`crontab_id`) REFERENCES `djcelery_crontabschedule` (`id`),
  CONSTRAINT `djcelery_periodictas_interval_id_b426ab02_fk_djcelery_` FOREIGN KEY (`interval_id`) REFERENCES `djcelery_intervalschedule` (`id`)
) ENGINE=InnoDB DEFAULT CHARSET=utf8;
/*!40101 SET character_set_client = @saved_cs_client */;

--
-- Dumping data for table `djcelery_periodictask`
--

LOCK TABLES `djcelery_periodictask` WRITE;
/*!40000 ALTER TABLE `djcelery_periodictask` DISABLE KEYS */;
/*!40000 ALTER TABLE `djcelery_periodictask` ENABLE KEYS */;
UNLOCK TABLES;

--
-- Table structure for table `djcelery_periodictasks`
--

DROP TABLE IF EXISTS `djcelery_periodictasks`;
/*!40101 SET @saved_cs_client     = @@character_set_client */;
/*!40101 SET character_set_client = utf8 */;
CREATE TABLE `djcelery_periodictasks` (
  `ident` smallint(6) NOT NULL,
  `last_update` datetime(6) NOT NULL,
  PRIMARY KEY (`ident`)
) ENGINE=InnoDB DEFAULT CHARSET=utf8;
/*!40101 SET character_set_client = @saved_cs_client */;

--
-- Dumping data for table `djcelery_periodictasks`
--

LOCK TABLES `djcelery_periodictasks` WRITE;
/*!40000 ALTER TABLE `djcelery_periodictasks` DISABLE KEYS */;
/*!40000 ALTER TABLE `djcelery_periodictasks` ENABLE KEYS */;
UNLOCK TABLES;

--
-- Table structure for table `djcelery_taskstate`
--

DROP TABLE IF EXISTS `djcelery_taskstate`;
/*!40101 SET @saved_cs_client     = @@character_set_client */;
/*!40101 SET character_set_client = utf8 */;
CREATE TABLE `djcelery_taskstate` (
  `id` int(11) NOT NULL AUTO_INCREMENT,
  `state` varchar(64) NOT NULL,
  `task_id` varchar(36) NOT NULL,
  `name` varchar(200) DEFAULT NULL,
  `tstamp` datetime(6) NOT NULL,
  `args` longtext,
  `kwargs` longtext,
  `eta` datetime(6) DEFAULT NULL,
  `expires` datetime(6) DEFAULT NULL,
  `result` longtext,
  `traceback` longtext,
  `runtime` double DEFAULT NULL,
  `retries` int(11) NOT NULL,
  `hidden` tinyint(1) NOT NULL,
  `worker_id` int(11) DEFAULT NULL,
  PRIMARY KEY (`id`),
  UNIQUE KEY `task_id` (`task_id`),
  KEY `djcelery_taskstate_state_53543be4` (`state`),
  KEY `djcelery_taskstate_name_8af9eded` (`name`),
  KEY `djcelery_taskstate_tstamp_4c3f93a1` (`tstamp`),
  KEY `djcelery_taskstate_hidden_c3905e57` (`hidden`),
  KEY `djcelery_taskstate_worker_id_f7f57a05_fk_djcelery_workerstate_id` (`worker_id`),
  CONSTRAINT `djcelery_taskstate_worker_id_f7f57a05_fk_djcelery_workerstate_id` FOREIGN KEY (`worker_id`) REFERENCES `djcelery_workerstate` (`id`)
) ENGINE=InnoDB DEFAULT CHARSET=utf8;
/*!40101 SET character_set_client = @saved_cs_client */;

--
-- Dumping data for table `djcelery_taskstate`
--

LOCK TABLES `djcelery_taskstate` WRITE;
/*!40000 ALTER TABLE `djcelery_taskstate` DISABLE KEYS */;
/*!40000 ALTER TABLE `djcelery_taskstate` ENABLE KEYS */;
UNLOCK TABLES;

--
-- Table structure for table `djcelery_workerstate`
--

DROP TABLE IF EXISTS `djcelery_workerstate`;
/*!40101 SET @saved_cs_client     = @@character_set_client */;
/*!40101 SET character_set_client = utf8 */;
CREATE TABLE `djcelery_workerstate` (
  `id` int(11) NOT NULL AUTO_INCREMENT,
  `hostname` varchar(255) NOT NULL,
  `last_heartbeat` datetime(6) DEFAULT NULL,
  PRIMARY KEY (`id`),
  UNIQUE KEY `hostname` (`hostname`),
  KEY `djcelery_workerstate_last_heartbeat_4539b544` (`last_heartbeat`)
) ENGINE=InnoDB DEFAULT CHARSET=utf8;
/*!40101 SET character_set_client = @saved_cs_client */;

--
-- Dumping data for table `djcelery_workerstate`
--

LOCK TABLES `djcelery_workerstate` WRITE;
/*!40000 ALTER TABLE `djcelery_workerstate` DISABLE KEYS */;
/*!40000 ALTER TABLE `djcelery_workerstate` ENABLE KEYS */;
UNLOCK TABLES;

--
-- Table structure for table `social_auth_association`
--

DROP TABLE IF EXISTS `social_auth_association`;
/*!40101 SET @saved_cs_client     = @@character_set_client */;
/*!40101 SET character_set_client = utf8 */;
CREATE TABLE `social_auth_association` (
  `id` int(11) NOT NULL AUTO_INCREMENT,
  `server_url` varchar(255) NOT NULL,
  `handle` varchar(255) NOT NULL,
  `secret` varchar(255) NOT NULL,
  `issued` int(11) NOT NULL,
  `lifetime` int(11) NOT NULL,
  `assoc_type` varchar(64) NOT NULL,
  PRIMARY KEY (`id`),
  UNIQUE KEY `social_auth_association_server_url_handle_078befa2_uniq` (`server_url`,`handle`)
) ENGINE=InnoDB DEFAULT CHARSET=utf8;
/*!40101 SET character_set_client = @saved_cs_client */;

--
-- Dumping data for table `social_auth_association`
--

LOCK TABLES `social_auth_association` WRITE;
/*!40000 ALTER TABLE `social_auth_association` DISABLE KEYS */;
/*!40000 ALTER TABLE `social_auth_association` ENABLE KEYS */;
UNLOCK TABLES;

--
-- Table structure for table `social_auth_code`
--

DROP TABLE IF EXISTS `social_auth_code`;
/*!40101 SET @saved_cs_client     = @@character_set_client */;
/*!40101 SET character_set_client = utf8 */;
CREATE TABLE `social_auth_code` (
  `id` int(11) NOT NULL AUTO_INCREMENT,
  `email` varchar(254) NOT NULL,
  `code` varchar(32) NOT NULL,
  `verified` tinyint(1) NOT NULL,
  `timestamp` datetime(6) NOT NULL,
  PRIMARY KEY (`id`),
  UNIQUE KEY `social_auth_code_email_code_801b2d02_uniq` (`email`,`code`),
  KEY `social_auth_code_code_a2393167` (`code`),
  KEY `social_auth_code_timestamp_176b341f` (`timestamp`)
) ENGINE=InnoDB DEFAULT CHARSET=utf8;
/*!40101 SET character_set_client = @saved_cs_client */;

--
-- Dumping data for table `social_auth_code`
--

LOCK TABLES `social_auth_code` WRITE;
/*!40000 ALTER TABLE `social_auth_code` DISABLE KEYS */;
/*!40000 ALTER TABLE `social_auth_code` ENABLE KEYS */;
UNLOCK TABLES;

--
-- Table structure for table `social_auth_nonce`
--

DROP TABLE IF EXISTS `social_auth_nonce`;
/*!40101 SET @saved_cs_client     = @@character_set_client */;
/*!40101 SET character_set_client = utf8 */;
CREATE TABLE `social_auth_nonce` (
  `id` int(11) NOT NULL AUTO_INCREMENT,
  `server_url` varchar(255) NOT NULL,
  `timestamp` int(11) NOT NULL,
  `salt` varchar(65) NOT NULL,
  PRIMARY KEY (`id`),
  UNIQUE KEY `social_auth_nonce_server_url_timestamp_salt_f6284463_uniq` (`server_url`,`timestamp`,`salt`)
) ENGINE=InnoDB DEFAULT CHARSET=utf8;
/*!40101 SET character_set_client = @saved_cs_client */;

--
-- Dumping data for table `social_auth_nonce`
--

LOCK TABLES `social_auth_nonce` WRITE;
/*!40000 ALTER TABLE `social_auth_nonce` DISABLE KEYS */;
/*!40000 ALTER TABLE `social_auth_nonce` ENABLE KEYS */;
UNLOCK TABLES;

--
-- Table structure for table `social_auth_partial`
--

DROP TABLE IF EXISTS `social_auth_partial`;
/*!40101 SET @saved_cs_client     = @@character_set_client */;
/*!40101 SET character_set_client = utf8 */;
CREATE TABLE `social_auth_partial` (
  `id` int(11) NOT NULL AUTO_INCREMENT,
  `token` varchar(32) NOT NULL,
  `next_step` smallint(5) unsigned NOT NULL,
  `backend` varchar(32) NOT NULL,
  `data` longtext NOT NULL,
  `timestamp` datetime(6) NOT NULL,
  PRIMARY KEY (`id`),
  KEY `social_auth_partial_token_3017fea3` (`token`),
  KEY `social_auth_partial_timestamp_50f2119f` (`timestamp`)
) ENGINE=InnoDB DEFAULT CHARSET=utf8;
/*!40101 SET character_set_client = @saved_cs_client */;

--
-- Dumping data for table `social_auth_partial`
--

LOCK TABLES `social_auth_partial` WRITE;
/*!40000 ALTER TABLE `social_auth_partial` DISABLE KEYS */;
/*!40000 ALTER TABLE `social_auth_partial` ENABLE KEYS */;
UNLOCK TABLES;

--
-- Table structure for table `social_auth_usersocialauth`
--

DROP TABLE IF EXISTS `social_auth_usersocialauth`;
/*!40101 SET @saved_cs_client     = @@character_set_client */;
/*!40101 SET character_set_client = utf8 */;
CREATE TABLE `social_auth_usersocialauth` (
  `id` int(11) NOT NULL AUTO_INCREMENT,
  `provider` varchar(32) NOT NULL,
  `uid` varchar(255) NOT NULL,
  `extra_data` longtext NOT NULL,
  `user_id` int(11) NOT NULL,
  PRIMARY KEY (`id`),
  UNIQUE KEY `social_auth_usersocialauth_provider_uid_e6b5e668_uniq` (`provider`,`uid`),
  KEY `social_auth_usersocialauth_user_id_17d28448_fk_auth_user_id` (`user_id`),
  CONSTRAINT `social_auth_usersocialauth_user_id_17d28448_fk_auth_user_id` FOREIGN KEY (`user_id`) REFERENCES `auth_user` (`id`)
) ENGINE=InnoDB DEFAULT CHARSET=utf8;
/*!40101 SET character_set_client = @saved_cs_client */;

--
-- Dumping data for table `social_auth_usersocialauth`
--

LOCK TABLES `social_auth_usersocialauth` WRITE;
/*!40000 ALTER TABLE `social_auth_usersocialauth` DISABLE KEYS */;
/*!40000 ALTER TABLE `social_auth_usersocialauth` ENABLE KEYS */;
UNLOCK TABLES;
/*!40103 SET TIME_ZONE=@OLD_TIME_ZONE */;

/*!40101 SET SQL_MODE=@OLD_SQL_MODE */;
/*!40014 SET FOREIGN_KEY_CHECKS=@OLD_FOREIGN_KEY_CHECKS */;
/*!40014 SET UNIQUE_CHECKS=@OLD_UNIQUE_CHECKS */;
/*!40101 SET CHARACTER_SET_CLIENT=@OLD_CHARACTER_SET_CLIENT */;
/*!40101 SET CHARACTER_SET_RESULTS=@OLD_CHARACTER_SET_RESULTS */;
/*!40101 SET COLLATION_CONNECTION=@OLD_COLLATION_CONNECTION */;
/*!40111 SET SQL_NOTES=@OLD_SQL_NOTES */;

-- Dump completed on 2019-09-14 23:15:44
